Character / Team,Year Debuted,Company,Creator/s,First Appearance,Decade
Ultra-Humanite,1939,DC,"Jerry Siegel, Joe Shuster",Action Comics (vol. 1) #13,1930
Dr. Death,1939,DC,"Bob Kane, Bill Finger",Detective Comics (vol. 1) #29,1930
The Monk,1939,DC,"Bob Kane, Bill Finger",Detective Comics (vol. 1) #31,1930
The Claw,1939,Lev Gleason Publications,Jack Cole,Silver Streak Comics #1,1930
Hath-Set,1940,DC,"Gardner Fox, Dennis Neville",Flash Comics #1,1940
Professor Hugo Strange,1940,DC,"Bob Kane, Bill Finger",Detective Comics (vol. 1) #36,1940
Doctor Sivana,1940,Fawcett Comics/DC,"Bill Parker, C. C. Beck",Whiz Comics #2,1940
Lex Luthor,1940,DC,"Jerry Siegel, Joe Shuster",Action Comics (vol. 1) #23,1940
The Joker,1940,DC,"Bob Kane, Jerry Robinson, Bill Finger",Batman (vol. 1) #1,1940
Catwoman,1940,DC,"Bob Kane, Bill Finger",Batman (vol. 1) #1,1940
Tony Zucco,1940,DC,"Bob Kane, Bill Finger, Jerry Robinson",Detective Comics (vol. 1) #38,1940
Clayface,1940,DC,"Bob Kane, Bill Finger",Detective Comics (vol. 1) #40,1940
Scarecrow,1941,DC,"Bill Finger, Bob Kane",World's Finest Comics #3,1940
Ares,1941,DC,"William Moulton Marston, H. G. Peter",Wonder Woman #1,1940
Red Skull,1941,Marvel/Timely,"Joe Simon, Jack Kirby",Captain America Comics #1,1940
The Penguin,1941,DC,"Bob Kane, Bill Finger",Detective Comics (vol. 1) #58,1940
Captain Nazi,1941,Fawcett Comics/DC,"Bill Woolfolk, Mac Raboy",Master Comics #21,1940
Ibac,1942,Fawcett Comics/DC,"Otto Binder, C. C. Beck",Captain Marvel Adventures #8,1940
The Puzzler,1942,DC,,Action Comics (vol. 1) #49,1940
Two-Face,1942,DC,"Bob Kane, Bill Finger",Detective Comics (vol. 1) #66,1940
Prankster,1942,DC,,Action Comics (vol. 1) #51,1940
The Shade,1942,DC,Gardner Fox,Flash Comics #33,1940
Rag Doll,1942,DC,Gardner Fox,Flash Comics #36,1940
Sabbac,1943,Fawcett Comics/DC,"(Fawcett) Otto Binder, Al Carreno; (DC) Judd Winick, Tom Raney","(Fawcett) Captain Marvel, Jr. #4; (DC) Outsiders, vol. 3 #8",1940
Mister Mind and the Monster Society of Evil,1943,Fawcett Comics/DC,"Otto Binder, C. C. Beck",Captain Marvel Adventures #22,1940
Brainwave,1943,DC,Gardner Fox,All Star #15,1940
"Tweedledum, Tweedledee",1943,DC,,Detective Comics (vol. 1) #74,1940
Crime Doctor,1943,DC,"Bill Finger, Bob Kane, George Roussos",Detective Comics (vol. 1) #77,1940
Toyman,1943,DC,"Jerry Siegel, Joe Shuster",Action Comics (vol. 1) #64,1940
Cheetah,1943,DC,William Moulton Marston,Wonder Woman (vol. 1) #6,1940
Thinker,1943,DC,"Gardner Fox, E. E. Hibbard",All-Flash #12,1940
Cavalier,1943,DC,"Don Cameron, Bob Kane",Detective Comics (vol. 1) #81,1940
Vandal Savage,1943,DC,"Alfred Bester, Martin Nodell",Green Lantern (vol. 1) #10,1940
Gambler,1944,DC,"Henry Kuttner, Martin Nodell",Green Lantern (vol. 1) #12,1940
Giganta,1944,DC,William Moulton Marston,Wonder Woman (vol. 1) #9,1940
Mr. Mxyzptlk,1944,DC,"Jerry Siegel, Joe Shuster",Superman (vol. 1) #30,1940
Solomon Grundy,1944,DC,"Alfred Bester, Paul Reinman",All-American Comics #61,1940
Monocle,1945,DC,"Gardner Fox, Joe Kubert",Flash Comics #64,1940
Turtle,1945,DC,"Gardner Fox, Martin Naydel",All-Star #21,1940
Black Adam,1945,Fawcett Comics/DC,Otto Binder & C. C. Beck,The Marvel Family #1,1940
Crazy Quilt,1946,DC,Jack Kirby,Boy Commandos #15,1940
Wizard,1947,DC,"Gardner Fox, Irwin Hasen",All Star Comics #34,1940
Penny Plunderer,1947,DC,,World's Finest Comics #30,1940
Gentleman Ghost,1947,DC,"Robert Kanigher, Joe Kubert",Flash Comics #88,1940
Icicle (comics) (Joar),1947,DC,"Robert Kanigher, Irwin Hasen",All American Comics #90,1940
"Rose, Thorn",1947,DC,"John Broome, Carmine Infantino",Flash Comics #89,1940
The Fiddler,1947,DC,"Robert Kanigher, Lee Elias",All-Flash #32,1940
Star Sapphire,1947,DC,"Robert Kanigher, Lee Elias",All-Flash #32,1940
Mad Hatter,1948,DC,"Bob Kane, Bill Finger",Batman (vol. 1) #49,1940
Riddler,1948,DC,"Bill Finger, Dick Sprang",Detective Comics (vol. 1) #140,1940
The Rival,1949,DC,"John Broome, Joe Kubert",Flash Comics #104,1940
Deadshot,1950,DC,"Bob Kane, David Vern Reed, Lew Schwartz",Batman (vol. 1) #59,1950
The Mekon,1950,,Frank Hampson,"Dan Dare, Pilot of the Future",1950
Red Hood,1951,DC,,Detective Comics #168,1950
Killer Moth,1951,DC,,Batman #63,1950
Firefly,1952,DC,"France Herron, Dick Sprang",Detective Comics #184,1950
Gorilla-Man,1954,Marvel/Timely,Bob Powell,Mystery Tales #21,1950
Morgan le Fay,1955,Marvel/Timely,"Stan Lee, Joe Maneely",Black Knight comics #1,1950
The Yellow Claw,1956,Marvel/Timely,"Al Feldstein, Joe Maneely",Yellow Claw comics #1,1950
Captain Cold,1957,DC,"John Broome, Carmine Infantino",Showcase #8,1950
Doctor Achilles Milo,1957,DC,,Detective Comics #247,1950
Signalman,1957,DC,,Batman #112,1950
Brainiac,1958,DC,"Curt Swan, Stan Kaye",Action Comics (vol. 1) #242,1950
Bizarro,1958,DC,"Otto Binder, George Papp",Superboy (vol. 1) #68,1950
"Terrible Trio (DC Comics) (Fox, Shark, Vulture)",1958,DC,"Dave Wood, Sheldon Moldoff",Detective Comics (vol. 1) #253,1950
Calendar Man,1958,DC,Bill Finger,Detective Comics (vol. 1) #259,1950
Doctor Double X,1958,DC,,Detective Comics (vol. 1) #261,1950
Titano,1959,DC,,Superman (vol. 1) #127,1950
Mr. Freeze (originally Mr. Zero),1959,DC,Bob Kane,Batman (vol. 1) #121,1950
Doctor Alchemy (originally as Mr. Element),1959,DC,"John Broome, Carmine Infantino",Showcase #19,1950
Mirror Master,1959,DC,"John Broome, Carmine Infantino",The Flash (vol. 1) #105,1950
Gorilla Grodd,1959,DC,"John Broome, Carmine Infantino",The Flash (vol. 1) #106,1950
Metallo,1959,DC,"Robert Bernstein, Al Plastino",Action Comics (vol. 1) #252,1950
Pied Piper,1959,DC,"John Broome, Carmine Infantino",The Flash (vol. 1) #106,1950
Molten Man-Thing,1959,Marvel,"Stan Lee, Jack Kirby, Steve Ditko",Tales of Suspense #7,1950
"Suicide Squad (Rick Flag Jr., Jess Bright, Dr. Hugh Evans, Karin Grace)",1959,DC,"Robert Kanigher, Ross Andru",The Brave and the Bold (vol. 1) #25,1950
Weather Wizard,1959,DC,"John Broome, Carmine Infantino",The Flash (vol. 1) #110,1950
Grottu,1960,Marvel,"Jack Kirby, Bill Everett",Strange Tales #73,1960
Starro,1960,DC,Gardner Fox,The Brave and the Bold (vol. 1) #28,1960
Amazo,1960,DC,Gardner Fox,The Brave and the Bold (vol. 1) #30,1960
Professor Ivo,1960,DC,"Gardner Fox, Mike Sekowsky",The Brave and the Bold (vol. 1) #30,1960
Trickster,1960,DC,"John Broome, Carmine Infantino",The Flash (vol. 1) #113,1960
Clock King,1960,DC,"France Herron, Lee Elias",World's Finest Comics #111,1960
Kryptonite Man,1960,DC,,Superboy (vol. 1) #83,1960
Despero,1960,DC,"Gardner Fox, Mike Sekowsky",Justice League of America (vol. 1) #1,1960
Gorgilla,1960,Marvel,"Stan Lee, Jack Kirby",Tales To Astonish #12,1960
Xemnu,1960,Marvel,"Stan Lee, Jack Kirby",Journey into Mystery #62,1960
Captain Boomerang,1960,DC,"John Broome, Carmine Infantino",The Flash (vol. 1) #117,1960
Elektro,1961,Marvel,"Stan Lee, Jack Kirby",Tales of Suspense #13,1960
Byth,1961,DC,"Gardner Fox, Joe Kubert",The Brave and the Bold vol. 1 #34,1960
Hyathis,1961,DC,Gardner Fox,Justice League of America vol. 1 #3,1960
Kanjar Ro,1961,DC,Gardner Fox,Justice League of America vol. 1 #3,1960
Hector Hammond,1961,DC,"Gil Kane, John Broome",Green Lantern vol. 2 #5,1960
Goom,1961,Marvel,"Stan Lee, Dick Ayers, Jack Kirby",Tales of Suspense #15,1960
Matter Master,1961,DC,"Gardner Fox, Joe Kubert",The Brave and the Bold (vol. 1) #35,1960
General Zod,1961,DC,"Robert Bernstein, George Papp",Adventure Comics (vol. 1) #283,1960
"Googam, Son of Goom",1961,Marvel,"Stan Lee, Steve Ditko",Tales of Suspense #17,1960
Spragg,1961,Marvel,"attributed to Stan Lee, Jack Kirby",Journey into Mystery #68,1960
Doctor Destiny,1961,DC,,Justice League of America vol. 1 #5,1960
Shadow Thief,1961,DC,"Gardner Fox, Joe Kubert",The Brave and the Bold vol. 1 #36,1960
Amos Fortune,1961,DC,Gardner Fox,Justice League of America vol. 1 #6,1960
Legion of Super-Villains,1961,DC,"Jerry Siegel, Curt Swan",Superman vol. 1 #147,1960
Sinestro,1961,DC,"John Broome, Gil Kane",Green Lantern (vol. 2) #7,1960
The Top,1961,DC,"John Broome, Carmine Infantino",The Flash (comic book) vol. 1 #122,1960
Fin Fang Foom,1961,Marvel,"Stan Lee, Jack Kirby",Strange Tales #89,1960
Jax-Ur,1961,DC,,Adventure Comics #289,1960
Mole Man,1961,Marvel,"Stan Lee, Jack Kirby",Fantastic Four vol. 1 #1,1960
The Skrulls,1962,Marvel,"Stan Lee, Jack Kirby",Fantastic Four vol. 1 #2,1960
Polka-Dot Man,1962,DC,"Bill Finger, Sheldon Moldoff",Detective Comics #300,1960
Tim Boo Ba,1962,Marvel,"Stan Lee, Steve Ditko",Amazing Adult Fantasy #9,1960
Felix Faust,1962,DC,"Gardner Fox, Mike Sekowsky",Justice League of America (vol. 1) #10,1960
Miracle Man,1962,Marvel,"Stan Lee, Jack Kirby",Fantastic Four vol. 1 #3,1960
Gargoyle,1962,Marvel,"Stan Lee, Jack Kirby",Incredible Hulk vol. 1 #1,1960
Dr. Light (Arthur Light),1962,DC,"Gardner Fox, Mike Sekowsky",Justice League of America (vol. 1) #12,1960
Floronic Man,1962,DC,"Gardner Fox, Gil Kane",Atom #1,1960
Doctor Doom,1962,Marvel,"Stan Lee, Jack Kirby",Fantastic Four vol. 1 #5,1960
Yancy Street Gang,1962,Marvel,"Stan Lee, Jack Kirby",Fantastic Four vol. 1 #6,1960
Destroyer,1962,Marvel,"Stan Lee, Jack Kirby",Strange Tales #101,1960
"Kurrgo, Master of Planet X",1962,Marvel,"Stan Lee, Jack Kirby",Fantastic Four vol. 1 #7,1960
Loki,1962,Marvel,"Stan Lee, Larry Lieber",Journey into Mystery #85,1960
Ringmaster,1962,Marvel,"Stan Lee, Steve Ditko",The Incredible Hulk #3,1960
The Puppet Master,1962,Marvel,"Stan Lee, Jack Kirby",Fantastic Four vol. 1 #8,1960
The Wingless Wizard,1962,Marvel,"Stan Lee, Jack Kirby",Strange Tales #102,1960
Warlord Zemu,1962,Marvel,"Stan Lee, Jack Kirby",Strange Tales #103,1960
Egghead,1962,Marvel,"Stan Lee, Jack Kirby",Tales to Astonish #38,1960
Abra Kadabra,1962,DC,"John Broome, Carmine Infantino",The Flash vol. 1 #128,1960
Chronos,1962,DC,"Gardner Fox, Gil Kane",The Atom #3,1960
Doctor Polaris,1962,DC,,Green Lantern vol. 2 #21,1960
Qwsp,1962,DC,,Aquaman vol. 1 #1,1960
Sonar,1962,DC,"John Broome, Gil Kane",Green Lantern vol. 2 #14,1960
Star Sapphire,1962,DC,"John Broome, Gil Kane",As Carol Ferris: Showcase #22; as Star Sapphire: Green Lantern vol. 2 #16,1960
Paste-Pot Pete,1963,Marvel,"Stan Lee, Jack Kirby",Strange Tales #104,1960
Impossible Man,1963,Marvel,"Stan Lee, Jack Kirby",Fantastic Four vol. 1 #11,1960
Acrobat,1963,Marvel,"Stan Lee, Jack Kirby",Strange Tales #106,1960
The Chameleon,1963,Marvel,"Stan Lee, Steve Ditko",The Amazing Spider-Man vol. 1 #1,1960
Gargantus,1963,Marvel,"Robert Bernstein, Jack Kirby",Tales of Suspense #40,1960
Red Ghost,1963,Marvel,"Stan Lee, Jack Kirby",Fantastic Four vol. 1 #13,1960
Tinkerer,1963,Marvel,"Stan Lee, Steve Ditko",The Amazing Spider-Man vol. 1 #2,1960
The Vulture,1963,Marvel,"Stan Lee, Steve Ditko",The Amazing Spider-Man vol. 1 #2,1960
The Awesome Android,1963,Marvel,"Stan Lee, Jack Kirby",Fantastic Four vol. 1 #15,1960
Mad Thinker,1963,Marvel,"Stan Lee, Jack Kirby",Fantastic Four vol. 1 #15,1960
Radioactive Man,1963,Marvel,"Stan Lee, Jack Kirby",Journey into Mystery #93,1960
Doctor Octopus,1963,Marvel,"Stan Lee, Steve Ditko",The Amazing Spider-Man vol. 1 #3,1960
Eclipso,1963,DC,"Bob Haney, Lee Elias",House of Secrets #61,1960
Nightmare,1963,Marvel,"Stan Lee, Steve Ditko",Strange Tales #110,1960
Asbestos Man,1963,Marvel,"Stan Lee, Jack Kirby",Strange Tales #111,1960
Baron Mordo,1963,Marvel,"Stan Lee, Steve Ditko",Strange Tales #111,1960
Jack Frost,1963,Marvel,"Stan Lee, Don Heck",Tales of Suspense #45,1960
Magneto,1963,Marvel,"Stan Lee, Jack Kirby",Uncanny X-Men #1,1960
Sandman,1963,Marvel,"Stan Lee, Steve Ditko",The Amazing Spider-Man vol. 1 #4,1960
Super-Skrull,1963,Marvel,"Stan Lee, Jack Kirby",Fantastic Four vol. 1 #18,1960
Crimson Dynamo (Anton Vanko),1963,Marvel,"Stan Lee, Don Heck",Tales of Suspense #46,1960
Pharaoh Rama Tut,1963,Marvel,"Stan Lee, Jack Kirby",Fantastic Four vol. 1 #19,1960
Porcupine,1963,Marvel,"Stan Lee, Don Heck",Tales to Astonish #48,1960
Plantman,1963,Marvel,"Joe Carter, Stan Lee, Dick Ayers",Strange Tales #113,1960
Heat Wave,1963,DC,"John Broome, Carmine Infantino",The Flash (vol. 1) #140,1960
The Lizard,1963,Marvel,"Stan Lee, Steve Ditko",The Amazing Spider-Man vol. 1 #6,1960
Molecule Man,1963,Marvel,"Stan Lee, Jack Kirby",Fantastic Four vol. 1 #20,1960
Space Phantom,1963,Marvel,"Stan Lee, Jack Kirby",Avengers vol. 1 #2,1960
Vanisher,1963,Marvel,"Stan Lee, Jack Kirby",Uncanny X-Men #2,1960
Hate-Monger,1963,Marvel,"Stan Lee, Jack Kirby",Fantastic Four vol. 1 #21,1960
Mister Hyde,1963,Marvel,"Stan Lee, Don Heck",Journey into Mystery #99,1960
Catman,1963,DC,"Bill Finger, Jim Mooney",Detective Comics #311,1960
Reverse Flash,1963,DC,"John Broome, Carmine Infantino",The Flash vol. 1 #139,1960
Queen Bee,1963,DC,,Justice League of America vol. 1 #23,1960
Shark,1963,DC,,Green Lantern vol.2 #24,1960
Superman Revenge Squad,1963,DC,,Superman vol. 1 #163,1960
Tattooed Man,1963,DC,,Green Lantern vol. 2 #23,1960
The Blob,1964,Marvel,"Stan Lee, Jack Kirby",Uncanny X-Men #3,1960
Moloid subterraneans,1964,Marvel,"Stan Lee, Jack Kirby",Fantastic Four vol. 1 #22,1960
Black Knight,1964,Marvel,,Tales To Astonish #52,1960
Mandarin,1964,Marvel,"Stan Lee, Don Heck",Tales of Suspense #50,1960
Electro,1964,Marvel,"Stan Lee, Steve Ditko",The Amazing Spider-Man vol. 1 #9,1960
The Terrible Trio,1964,Marvel,"Stan Lee, Jack Kirby",Fantastic Four vol. 1 #23,1960
Infant Terrible,1964,Marvel,"Stan Lee, Jack Kirby",Fantastic Four vol. 1 #24,1960
Hela,1964,Marvel,"Stan Lee, Jack Kirby",Journey into Mystery #102,1960
Mastermind,1964,Marvel,"Stan Lee, Jack Kirby",Uncanny X-Men #4,1960
Quicksilver,1964,Marvel,"Stan Lee, Jack Kirby",Uncanny X-Men #4,1960
Scarlet Witch,1964,Marvel,"Stan Lee, Jack Kirby",Uncanny X-Men #4,1960
Toad,1964,Marvel,"Stan Lee, Jack Kirby",Uncanny X-Men #4,1960
Brotherhood of Evil Mutants,1964,Marvel,"Stan Lee, Jack Kirby",Uncanny X-Men #4,1960
Baron Zemo,1964,Marvel,"Stan Lee, Jack Kirby",Avengers vol. 1 #4,1960
Enchantress,1964,Marvel,"Stan Lee, Jack Kirby",Journey into Mystery #103,1960
Executioner,1964,Marvel,"Stan Lee, Jack Kirby",Journey into Mystery #103,1960
Black Widow,1964,Marvel,"Stan Lee, Don Rico, Don Heck",Tales of Suspense #52,1960
Crimson Dynamo (Boris Turgenev),1964,Marvel,"Stan Lee, Don Rico, Don Heck",Tales of Suspense #52,1960
Lava Men,1964,Marvel,"Stan Lee, Jack Kirby",Avengers vol. 1 #5,1960
Mysterio,1964,Marvel,"Stan Lee, Steve Ditko",The Amazing Spider-Man vol. 1 #13,1960
Green Goblin,1964,Marvel,"Stan Lee, Steve Ditko",The Amazing Spider-Man vol. 1 #14,1960
Masters of Evil,1964,Marvel,"Stan Lee, Jack Kirby",Avengers vol. 1 #6,1960
Beetle,1964,Marvel,"Stan Lee, Carl Burgos",Strange Tales #123,1960
Kraven the Hunter,1964,Marvel,"Stan Lee, Steve Ditko",The Amazing Spider-Man vol. 1 #15,1960
Diablo,1964,Marvel,"Stan Lee, Jack Kirby",Fantastic Four vol. 1 #30,1960
Kang the Conqueror,1964,Marvel,"Stan Lee, Jack Kirby",Avengers vol. 1 #8,1960
Sinister Six,1964,Marvel,"Stan Lee, Steve Ditko",The Amazing Spider-Man Annual #1,1960
Dormammu,1964,Marvel,"Stan Lee, Jack Kirby",Strange Tales #126,1960
Immortus,1964,Marvel,"Stan Lee, Jack Kirby, Don Heck",Avengers vol. 1 #10,1960
Unus the Untouchable,1964,Marvel,"Stan Lee, Jack Kirby",Uncanny X-Men #8,1960
Attuma,1964,Marvel,"Stan Lee, Jack Kirby",Fantastic Four vol. 1 #33,1960
The Leader,1964,Marvel,"Stan Lee, Steve Ditko",Tales To Astonish #62,1960
Black Hand,1964,DC,"John Broome, Gil Kane",Green Lantern vol. 2 #29,1960
Brotherhood of Evil,1964,DC,"Arnold Drake, Bruno Premiani",Doom Patrol vol. 1 #86,1960
Composite Superman,1964,DC,"Edmond Hamilton, Curt Swan",World's Finest Comics #142,1960
Crime Syndicate of America,1964,DC,"Gardner Fox, Mike Sekowsky",Justice League of America vol. 1 #29,1960
Mister Twister,1964,DC,"Bob Haney, Bruno Premiani",The Brave and the Bold vol. 1 #54,1960
Owlman,1964,DC,"Gardner Fox, Mike Sekowsky",Justice League of America vol. 1 #29,1960
T.O. Morrow,1964,DC,John Broome,The Flash vol. 1 #143,1960
Ultraman,1964,DC,"Gardner Fox, Mike Sekowsky",Justice League of America vol. 1 #29,1960
Lucifer,1965,Marvel,"Stan Lee, Jack Kirby",Uncanny X-Men #9,1960
The Scorpion,1965,Marvel,"Stan Lee, Steve Ditko",The Amazing Spider-Man vol. 1 #20,1960
Count Nefaria,1965,Marvel,"Stan Lee, Jack Kirby, Don Heck",Avengers vol. 1 #13,1960
Dragon Man,1965,Marvel,"Stan Lee, Jack Kirby",Fantastic Four vol. 1 #35,1960
Absorbing Man,1965,Marvel,"Stan Lee, Jack Kirby",Journey into Mystery #114,1960
Frightful Four,1965,Marvel,"Stan Lee, Jack Kirby",Fantastic Four vol. 1 #36,1960
Medusa,1965,Marvel,"Stan Lee, Jack Kirby",Fantastic Four vol. 1 #36,1960
The Stranger,1965,Marvel,"Stan Lee, Jack Kirby",Uncanny X-Men #11,1960
Spencer Smythe,1965,Marvel,"Stan Lee, Steve Ditko",The Amazing Spider-Man vol. 1 #25,1960
Juggernaut,1965,Marvel,"Stan Lee, Jack Kirby",Uncanny X-Men #12,1960
Agent H of HYDRA,1965,Marvel,"Stan Lee, Jack Kirby",Strange Tales #135,1960
Swordsman,1965,Marvel,"Stan Lee, Jack Kirby, Don Heck",Avengers vol. 1 #19,1960
HYDRA,1965,Marvel,"Stan Lee, Jack Kirby",Strange Tales #135,1960
Titanium Man,1965,Marvel,"Stan Lee, Don Heck",Tales of Suspense #69,1960
Molten Man,1965,Marvel,"Stan Lee, Steve Ditko",The Amazing Spider-Man vol. 1 #28,1960
Power Man,1965,Marvel,"Stan Lee, Jack Kirby, Don Heck",Avengers vol. 1 #21,1960
Bolivar Trask,1965,Marvel,"Stan Lee, Jack Kirby",Uncanny X-Men #14,1960
Sentinels,1965,Marvel,"Stan Lee, Jack Kirby",Uncanny X-Men #14,1960
Shrike (comics),1965,DC,,Hawkman vol. 1 #11,1960
Maximus,1965,Marvel,"Stan Lee, Jack Kirby",Fantastic Four vol. 1 #45,1960
Master Mold,1965,Marvel,"Stan Lee, Jack Kirby",Uncanny X-Men #15,1960
Blockbuster,1965,DC,"Gardner Fox, Carmine Infantino",Detective Comics #345,1960
Fisherman,1965,DC,"Henry Boltinoff, Nick Cardy","Aquaman vol. 2, #21",1960
Goldface,1965,DC,Gil Kane,Green Lantern vol. 2 #38,1960
Krona,1965,DC,"John Broome, Gil Kane",Green Lantern vol. 2 #40,1960
Psycho-Pirate,1965,DC,"Gardner Fox, Murphy Anderson",Showcase #56,1960
The Separated Man,1965,DC,"Bob Haney, Bruno Premiani",The Brave and the Bold vol. 1 #60,1960
Poison Ivy,1966,DC,"Robert Kanigher, Sheldon Moldoff",Batman (vol. 1) #181,1960
Advanced Idea Mechanics,1966,Marvel,,Strange Tales #146,1960
Parasite,1966,DC,Jim Shooter,Action Comics (vol. 1) #340,1960
Peacemaker (comics) (Christopher Smith),1966,DC,"Joe Gill, Pat Boyette",Fightin' 5 #40,1960
Batroc the Leaper,1966,Marvel,"Stan Lee, Jack Kirby",Tales of Suspense #75,1960
Bug-Eyed Bandit,1966,DC,,Atom #26,1960
Cluemaster,1966,DC,"Gardner Fox, Carmine Infantino",Detective Comics #351,1960
Fixer,1966,Marvel,"Stan Lee, Jack Kirby",Strange Tales #141,1960
Galactus,1966,Marvel,"Stan Lee, Jack Kirby",Fantastic Four vol. 1 #48,1960
Hades,1966,Marvel,"Stan Lee, Jack Kirby",Thor #127,1960
Collector,1966,Marvel,"Stan Lee, Don Heck",The Avengers #28,1960
High Evolutionary,1966,Marvel,"Stan Lee, Jack Kirby",Thor #134,1960
Klaw,1966,Marvel,"Stan Lee, Jack Kirby",Fantastic Four vol. 1 #53,1960
Living Laser,1966,Marvel,"Stan Lee, Art Simek, Don Heck",Avengers vol. 1 #34,1960
Major Disaster,1966,DC,"Gardner Fox, Gil Kane",Green Lantern vol. 2 #43,1960
Man Beast,1966,Marvel,"Stan Lee, Jack Kirby",Thor #135,1960
Mimic,1966,Marvel,"Stan Lee, Jack Kirby",Uncanny X-Men #19,1960
Nemesis Kid,1966,DC,Jim Shooter,Adventure Comics (vol. 1) #346,1960
Ocean Master,1966,DC,"Bob Haney, Nick Cardy",Aquaman (vol. 2) #29,1960
The Rhino,1966,Marvel,"Stan Lee, John Romita, Sr.",The Amazing Spider-Man vol. 1 #41,1960
Royal Flush Gang,1966,DC,"Gardner Fox, Mike Sekowsky",Justice League of America vol. 1 #43,1960
Spellbinder (Delbert Billings),1966,DC,,Detective Comics #358,1960
Umar,1966,Marvel,"Roy Thomas, Bill Everett",Strange Tales #150,1960
Black Manta,1967,DC,"Bob Haney, Nick Cardy",Aquaman (vol. 1) #35,1960
Awesome Threesome,1967,DC,"Henry Boltinoff, Nick Cardy",Aquaman vol. 2 #36,1960
Abomination,1967,Marvel,"Stan Lee, Gil Kane",Tales to Astonish #90,1960
Blastaar,1967,Marvel,"Stan Lee, Jack Kirby",Fantastic Four vol. 1 #62,1960
Cobalt Man,1967,Marvel,"Roy Thomas, Werner Roth",Uncanny X-Men #31,1960
Factor Three,1967,Marvel,,Uncanny X-Men #37,1960
Growing Man,1967,Marvel,"Stan Lee, Jack Kirby",Thor #140,1960
Intergalactic Sentry #459,1967,Marvel,"Stan Lee, Jack Kirby",Fantastic Four vol. 1 #64,1960
Kingpin,1967,Marvel,"Stan Lee, John Romita, Sr.",The Amazing Spider-Man vol. 1 #50,1960
The Kree,1967,Marvel,"Stan Lee, Jack Kirby",Fantastic Four vol. 1 #65,1960
Lion-Mane,1967,DC,"Gardner Fox, Murphy Anderson",Hawkman vol. 1 #20,1960
The Mad Mod,1967,DC,"Bob Haney, Nick Cardy",Teen Titans vol. 1 #7,1960
Mandarin's Minions,1967,Marvel,,Avengers Special #1,1960
MODOK,1967,Marvel,Jack Kirby,Tales of Suspense #94,1960
Persuader,1967,DC,"Jim Shooter, Curt Swan",Adventure Comics #352,1960
Psycho-Man,1967,Marvel,"Stan Lee, Jack Kirby",Fantastic Four Annual #5,1960
Ronan the Accuser,1967,Marvel,"Stan Lee, Jack Kirby",Fantastic Four vol. 1 #65,1960
The Shocker,1967,Marvel,"Stan Lee, John Romita, Sr.",The Amazing Spider-Man vol. 1 #46,1960
Supreme Intelligence,1967,Marvel,"Stan Lee, Jack Kirby",Fantastic Four vol. 1 #65,1960
Vulture (Blackie Dargo),1967,Marvel,,The Amazing Spider-Man vol. 1 #67,1960
Mangog,1968,Marvel,"Stan Lee, Jack Kirby",Thor #154,1960
Tiger Shark,1968,Marvel,"Roy Thomas, John Buscema","Prince Namor, the Sub-Mariner #5",1960
Mesmero,1968,Marvel,Arnold Drake,X-Men #49,1960
Doctor Faustus,1968,Marvel,"Stan Lee, Jack Kirby",Captain America (v1) #107,1960
Scavenger,1968,DC,"Henry Boltinoff, Nick Cardy",Aquaman vol. 2 #37,1960
"The Aliens of ""Dimension X""",1968,DC,"Bob Haney, Nick Cardy",Teen Titans vol. 1 #16,1960
Annihilus,1968,Marvel,"Stan Lee, Jack Kirby",Fantastic Four Annual #6,1960
Black Zero,1968,DC,,Superman vol. 1 #205,1960
Copperhead,1968,DC,"Bob Haney, Bob Brown",The Brave and the Bold vol. 1 #78,1960
The Gargoyle,1968,DC,"Bob Haney, Nick Cardy",Teen Titans vol. 1 #14,1960
Grim Reaper,1968,Marvel,"Roy Thomas, John Buscema",Avengers vol. 1 #52,1960
Ultron,1968,Marvel,"Roy Thomas, John Buscema",Avengers #54,1960
Hellgrammite,1968,DC,"Bob Haney, Neal Adams",The Brave and the Bold vol. 1 #80,1960
League of Assassins,1968,DC,"Denny O'Neil, Neal Adams",Strange Adventures #215,1960
Mephisto,1968,Marvel,"Stan Lee, John Buscema",Silver Surfer #3,1960
Sensei,1968,DC,Neal Adams,Strange Adventures #215,1960
Madame Masque,1968,Marvel,"Stan Lee, Gene Colan",Tales of Suspense #97,1960
Doctor Cyber,1968,DC,"Dennis O'Neil, Mike Sekowsky",Wonder Woman #179,1960
Man-Ape,1969,Marvel,"Roy Thomas, John Buscema",Avengers #62,1960
Grandmaster,1969,Marvel,"Roy Thomas, Sal Buscema",Avengers #69,1960
Squadron Sinister,1969,Marvel,"Roy Thomas, Sal Buscema",Avengers #69,1960
Doctor Spectrum,1969,Marvel,Roy Thomas,Avengers vol. 1 #70,1960
Hyperion,1969,Marvel,"Roy Thomas, Sal Buscema",Avengers vol. 1 #70,1960
The Fat Man,1969,DC,Neal Adams,Teen Titans vol. 1 #20,1960
Naga,1969,Marvel,"Roy Thomas, Marie Severin",Sub-Mariner #9,1960
Set,1969,Marvel,Roy Thomas,Sub-Mariner #9,1960
Viper,1969,Marvel,Jim Steranko,Captain America vol. 1 #110,1960
Agatha Harkness,1970,Marvel,"Stan Lee, Jack Kirby",Fantastic Four #94,1970
Arkon,1970,Marvel,"Roy Thomas, John Buscema",Avengers #75,1970
Man-Bat,1970,DC,"Frank Robbins, Neal Adams",Detective Comics (vol. 1) #400,1970
Lethal Legion,1970,Marvel,"Roy Thomas, John Buscema, Tom Palmer",Avengers #78,1970
Intergang (Morgan Edge),1970,DC,Jack Kirby,Superman's Pal Jimmy Olsen #133,1970
Darkseid,1970,DC,Jack Kirby,Superman's Pal Jimmy Olsen #134,1970
Orka,1970,Marvel,"Roy Thomas, Marie Severin",Sub-Mariner #23,1970
Aries,1970,Marvel,"Roy Thomas, Sal Buscema; Steve Englehart, Bob Brown; David Anthony Kraft, Keith Giffen; Dennis O'Neil, Luke McDonnell; Steve Englehart, Al Milgrom; Steve Seagle, Duncan Rouleau",The Avengers #72; The Avengers #120; The Defenders #49; Iron Man #184; West Coast Avengers Vol.2 #26; Alpha Flight Vol.2 #12,1970
Appa Ali Apsa,1970,DC,"Dennis O'Neil, Neal Adams","Green Lantern Series 2, #76",1970
Llyra,1970,Marvel,"Roy Thomas, Sal Buscema",Sub-Mariner #32,1970
Ten-Eyed Man,1970,DC,"Frank Robbins, Irv Novick, Dick Giordano",Batman #226,1970
Kanto,1971,DC,Jack Kirby,Mister Miracle #1,1970
Kalibak,1971,DC,Jack Kirby,New Gods #1,1970
Parademons,1971,DC,Jack Kirby,New Gods #1,1970
"Bruno ""Ugly"" Mannheim",1971,DC,Jack Kirby,Superman's Pal Jimmy Olsen #139,1970
Deep Six,1971,DC,Jack Kirby,New Gods #2,1970
Doctor Bedlam,1971,DC,Jack Kirby,Mister Miracle #2,1970
Granny Goodness,1971,DC,Jack Kirby,Mister Miracle #2,1970
Desaad,1971,DC,Jack Kirby,Forever People (vol. 1) #2,1970
Mantis,1971,DC,Jack Kirby,Forever People (vol. 1) #2,1970
Glorious Godfrey,1971,DC,Jack Kirby,Forever People #3,1970
Talia al Ghul,1971,DC,Denny O'Neil,Detective Comics (vol. 1) #411,1970
Ra's al Ghul,1971,DC,"Dennis O'Neil, Neal Adams",Batman (vol. 1) #232,1970
Overmind,1971,Marvel,"Stan Lee, John Buscema",Fantastic Four #113,1970
Merlyn,1971,DC,"Mike Friedrich, Neal Adams, Dick Dillin",Justice League of America #94,1970
Virman Vundabar,1971,DC,Jack Kirby,Mister Miracle #5,1970
Ballox the Monstroid,1972,Marvel,"Gerry Conway, Gil Kane",Marvel Team-Up #5,1970
Heggra,1972,DC,Jack Kirby,New Gods #7,1970
"Female Furies (Bernadeth, Lashina, Mad Harriet, Stompa)",1972,DC,Jack Kirby,Mister Miracle #6,1970
Kulan Gath,1972,Marvel,"Roy Thomas, Barry Windsor-Smith, Michael Moorcock, James Cawthorn",Conan the Barbarian #14-15,1970
Effron the Sorcerer,1972,DC,Elliot S! Maggin,World's Finest Comics #210,1970
Gilotina,1972,DC,Jack Kirby,Mister Miracle #8,1970
Terra-Man,1972,DC,,Superman #249,1970
Devilance,1972,DC,Jack Kirby,Forever People #11,1970
Grand Director,1972,Marvel,"Captain America: Steve Englehart, Sal Buscema; Grand Director: Roger McKenzie, Jim Shooter, Sal Buscema",Captain America #153,1970
Griffin (Marvel Comics),1972,DC,"Steve Englehart, Tom Sutton",Amazing Adventures #15,1970
Doctor Moon,1972,DC,,Batman #240,1970
Basilisk,1973,Marvel,"Len Wein, Gil Kane",Marvel Team-Up #16,1970
Mandrill,1973,Marvel,"Carole Seuling, Ross Andru",Shanna the She-Devil #4,1970
The Man-Killer,1973,Marvel,"Gerry Conway, Jim Mooney",Marvel Team-Up #8,1970
Moondark,1973,Marvel,"Gerry Conway, Len Wein, Ross Andru",Marvel Team-Up #12,1970
Nekra,1973,Marvel,"Steve Gerber, Ross Andru",Shanna the She-Devil #5,1970
The Orb,1973,Marvel,"Len Wein, Ross Andru",Marvel Team-Up #15,1970
Thanos,1973,Marvel,Jim Starlin,Iron Man #55,1970
They Who Wield Power,1973,Marvel,"Len Wein, Ross Andru",Marvel Team-Up #15,1970
Angar the Screamer,1973,Marvel,"Steve Gerber, Gene Colan, John Tartaglione",Daredevil #100,1970
"Stegron, the Dinosaur Man",1974,Marvel,"Len Wein, Gil Kane",Marvel Team-Up #19,1970
Punisher,1974,Marvel,"Gerry Conway, Ross Andru, John Romita, Sr.",The Amazing Spider-Man #129,1970
Midnight Sun,1974,Marvel,"Steve Englehart, Jim Starlin, Al Milgrom",Special Marvel Edition #16,1970
Black Talon,1974,Marvel,"Gene Colan, Len Wein",Strange Tales #173,1970
Anthony Lupus,1974,DC,,Batman #255,1970
Allatou,1974,Marvel,"Steve Gerber, Gene Colan",Marvel Spotlight #18,1970
Tarantula,1974,Marvel,"Ross Andru, Gerry Conway",The Amazing Spider-Man #134,1970
Wrecking Crew,1974,Marvel,"Len Wein, Sal Buscema","The Defenders vol. 1, #17",1970
Legion of the Unliving,1975,Marvel,,Avengers #131,1970
Korvac,1975,Marvel,"Steve Gerber, Jim Starlin",Giant-Size Defenders #3,1970
Moses Magnum,1975,Marvel,"Gerry Conway, Stan Lee, Ross Andru, Steve Ditko",Giant-Size Spider-Man 4,1970
Magus (Adam Warlock),1975,Marvel,Jim Starlin,Strange Tales (Vol.2) #178,1970
Manhunters,1975,DC,Jack Kirby,1st Issue Special #5 (Aug. 1975),1970
Chthon,1975,Marvel,"Marv Wolfman, Bill Mantlo, Yong Mountaino",Marvel Chillers #1,1970
Moonstone,1975,Marvel,"Marv Wolfman, Frank Robbins",Captain America #192,1970
Bullseye,1976,Marvel,"Marv Wolfman, John Romita Sr.",Daredevil #131,1970
Blackrock,1976,DC,,Action Comics #458,1970
100,1976,DC,"100: Robert Kanigher (writer), Ross Andru (artist); 1000: Dan Jurgens",100: Lois Lane #105; 1000: Booster Gold #2,1970
O.G.R.E.,1976,DC,"Bob Haney, Nick Cardy",Aquaman #301,1970
Baron Blood,1976,Marvel,"Roy Thomas, Frank Robbins, Vince Colletta",Invaders #7,1970
SKULL,1976,DC,"Gerry Conway, Curt Swan",Superman #301,1970
Atomic Skull,1976,DC,"Gerry Conway, Curt Swan",Superman #303,1970
Black Spider,1976,DC,#1: Gerry Conway,#1: Detective Comics #463; #2: Batman #518,1970
Duela Dent,1976,DC,Bob Rozakis,Batman Family #6,1970
Doctor Phosphorus,1977,DC,Steve Englehart,Detective Comics #469,1970
Rupert Thorne,1977,DC,"Steve Englehart, Walter Simonson",Detective Comics #469,1970
Graviton,1977,Marvel,"Jim Shooter, Sal Buscema",Avengers #158,1970
Hulk Robot,1977,Marvel,,Eternals #14,1970
Deathbird,1977,Marvel,"Chris Claremont, Keith Pollard",Ms. Marvel #9,1970
Aqueduct,1977,Marvel,"Jim Shooter, Don Heck",Ghost Rider #23,1970
Faora,1977,DC,,Action Comics #471,1970
Golden Glider,1977,DC,"Cary Bates, Irv Novick",Flash #250,1970
Constrictor,1977,Marvel,"Writers: Len Wein, Sal Buscema; Artists: Ernie Chan, Glynis Wein",Incredible Hulk #212,1970
Baron Blitzkrieg,1977,DC,,World's Finest Comics #246,1970
Sabretooth,1977,Marvel,"Chris Claremont, John Byrne",Iron Fist #14,1970
Resistants,1977,Marvel,Jack Kirby,Captain America Annual #4,1970
Doctor Demonicus,1977,Marvel,"Doug Moench, Tom Sutton",Godzilla #4,1970
Killer Frost,1978,DC,"Gerry Conway, Al Migrom","Steel, The Indestructible Man #1",1970
Mystique,1978,Marvel,"Chris Claremont, Dave Cockrum",Ms. Marvel #16,1970
Blackout,1978,Marvel,"Marv Wolfman, Carmine Infantino, Tom Palmer",Nova #19,1970
Count Vertigo,1978,DC,"Bob Haney, Vince Colletta, George Tuska",World's Finest Comics #251,1970
Fadeaway Man,1978,DC,"Len Wein, Rich Buckler",Detective Comics #479,1970
Blue Streak,1978,Marvel,"Roy Thomas, John Buscema",Captain America v1 #217,1970
Needle,1978,Marvel,"Mark Gruenwald, Carmine Infantino, Al Gordon",Spider-Woman #9,1970
Maxie Zeus,1979,DC,,Detective Comics #483,1970
Crossfire,1979,Marvel,"Steven Grant, Jim Craig",Marvel Two-in-One #52,1970
Letha,1979,Marvel,"Mark Gruenwald, Ralph Macchio, John Byrne",Marvel Two-in-One #54,1970
Poundcakes,1979,Marvel,"Mark Gruenwald, Ralph Macchio, John Byrne",Marvel Two-in-One #54,1970
Screaming Mimi,1979,Marvel,"Mark Gruenwald, Ralph Macchio, John Byrne",Marvel Two-in-One #54,1970
Zaran,1979,Marvel,Mike Zeck,Master of Kung Fu #77,1970
Firebug,1979,DC,,Batman #318,1970
Cutthroat,1980,Marvel,,Marvel Team-Up Vol.1 #89,1980
Destiny,1980,Marvel,"Chris Claremont, John Byrne",Uncanny X-Men #141,1980
Sebastian Shaw,1980,Marvel,"Chris Claremont, John Byrne",Uncanny X-Men #131,1980
Rainbow Raider,1980,DC,Cary Bates,Flash #286,1980
Dansen Macabre,1980,Marvel,"Steven Grant, Tom Sutton, Carmine Infantino",Marvel Team-Up vol.1 #93,1980
Anaconda,1980,Marvel,"Mark Gruenwald, Ralph Macchio",Marvel Two-in-One #64,1980
H.I.V.E.,1980,DC,"Marv Wolfman, George Pérez",New Teen Titans #2,1980
Mongul,1980,DC,"Mongul #1: Len Wein, Jim Starlin; Mongul #2: Jeph Loeb",Mongul #1: DC Comics Presents #27; Mongul #2: Showcase '95 #8,1980
Deathstroke,1980,DC,"Marv Wolfman, George Pérez",New Teen Titans (vol. 1) #2,1980
Trigon,1980,DC,"Marv Wolfman, George Pérez",New Teen Titans (vol. 1) #2,1980
Electrocutioner,1981,DC,"Marv Wolfman, Michael Fleisher, Irv Novick",Batman #331,1980
Fearsome Five,1981,DC,"Marv Wolfman, George Pérez",New Teen Titans #3,1980
Gizmo,1981,DC,"Marv Wolfman, George Pérez",New Teen Titans #3,1980
Mammoth,1981,DC,"Marv Wolfman, George Pérez",New Teen Titans #3,1980
Maelstrom,1981,Marvel,Mark Gruenwald,Marvel Two-in-One #71,1980
Jack O'Lantern,1981,Marvel,"Tom DeFalco, Steve Ditko",Machine Man #19,1980
Nekron,1981,DC,"Mike W. Barr, Joe Staton",Tales of the Green Lantern Corps #2,1980
Neutron,1981,DC,"Marv Wolfman, Joe Staton",Action Comics #525,1980
Ghost Maker,1982,Marvel,"Doug Moench, Gene Day",Master of Kung Fu #110,1980
Magenta,1982,DC,"Marv Wolfman, George Pérez",The New Teen Titans #17|-,1980
Gargantua,1982,Marvel,,Defenders #126,1980
Vermin,1982,Marvel,"J. M. DeMatteis, Mike Zeck",Captain America #272,1980
Grendel,1982,Comico,Matt Wagner,Comico Primer #2,1980
Hobgoblin,1983,Marvel,"Roger Stern, John Romita, Jr.",Spectacular Spider-Man #43 (as Roderick Kingsley); Amazing Spider-Man #238 (as Hobgoblin),1980
Killer Croc,1983,DC,"Gerry Conway, Don Newton",Batman (vol. 1) #357,1980
Jason Todd,1983,DC,"Robin: Gerry Conway, Don Newton; Red Hood: Judd Winick, Doug Mahnke",Batman (vol. 1) #357,1980
Lobo,1983,DC,"Roger Slifer, Keith Giffen",Omega Men (vol. 1) #3,1980
Lady Deathstrike,1983,Marvel,"Dennis O'Neil, Larry Hama, Klaus Janson, William Johnson",Daredevil #197,1980
Deathbolt,1983,DC,Roy Thomas,All-Star Squadron #21,1980
Brainwave,1983,DC,"Roy Thomas, Jerry Ordway, Mike Machlan",All-Star Squadron #24,1980
Northwind,1983,DC,"Roy Thomas, Jerry Ordway, Mike Machlan",All-Star Squadron #25,1980
Master of the World,1983,Marvel,John Byrne,"Alpha Flight Vol. 1, #2",1980
Nocturna,1983,DC,Doug Moench,Detective Comics #529,1980
Iron Maiden,1983,Marvel,"Ralph Macchio, George Pérez",Marvel Fanfare vol.1 #11,1980
Javelin,1984,DC,"Dennis O'Neil, Mike Sekowsky, Dick Giordano",Green Lantern (vol. 2) #173,1980
Tsunami,1984,DC,,All-Star Squadron #33,1980
Shredder,1984,Mirage,"Kevin Eastman, Peter Laird",Teenage Mutant Ninja Turtles (vol. 1) #1,1980
Jericho,1984,DC,"Marv Wolfman, George Pérez",Tales of the Teen Titans #43,1980
Titania,1984,Marvel,"Jim Shooter, Mike Zeck",Secret Wars #3,1980
Magus (X-Men),1984,Marvel,"Chris Claremont, Bill Sienkiewicz",New Mutants (vol.1) #18,1980
Answer,1984,Marvel,,Spectacular Spider-Man Vol.2 #92,1980
Freedom Force,1985,Marvel,"Chris Claremont, John Romita Jr",Uncany X-Men #199,1980
Anti-Monitor,1985,DC,"Marv Wolfman, George Pérez, Jerry Ordway",Crisis on Infinite Earths #2,1980
Armadillo,1985,Marvel,"Mark Gruenwald, Paul Neary, Dennis Janke",Captain America #308,1980
Black Mask,1985,DC,"Doug Moench, Tom Mandrake",Batman #386,1980
Jinx,1985,DC,"Marv Wolfman, Chuck Patton",Tales of the Teen Titans #56,1980
Spiral,1985,Marvel,"Ann Nocienti, Art Adams",Longshot #1,1980
Ghaur,1985,Marvel,"Peter B. Gillis, Sal Buscema","Eternals v2, #2",1980
Flag-Smasher,1985,Marvel,"Mark Gruenwald, Paul Neary",Captain America #312,1980
Nebula,1985,Marvel,"Roger Stern, John Buscema",The Avengers #257,1980
Weasel,1985,DC,"Gerry Conway, Rafael Kayanan",The Fury of Firestorm #35,1980
Superboy-Prime,1985,DC,"Elliot S! Maggin, Curt Swan",DC Comics Presents #87,1980
Film Freak,1986,DC,,Batman #395,1980
Master Pandemonium,1986,Marvel,,West Coast Avengers #4,1980
Battleaxe,1986,Marvel,"Michael Carlin, Ron Wilson",The Thing #33,1980
Apocalypse,1986,Marvel,"Louise Simonson, Jackson Guice",X-Factor #5,1980
Headlok,1986,Marvel,"Steve Englehart, Al Milgrom",West Coast Avengers #10,1980
Halflife,1986,Marvel,"Steve Englehart, Al Milgrom",West Coast Avengers #12,1980
Quantum,1986,Marvel,"Steve Englehart, Al Milgrom",West Coast Avengers #12,1980
Magpie,1986,DC,,Batman #401,1980
Carmine Falcone,1987,DC,"Frank Miller, David Mazzucchelli",Batman #405,1980
Icicle (Cameron),1987,DC,"Roy Thomas, Dann Thomas, Todd McFarlane","Infinity, Inc. #34",1980
Famine,1987,Marvel,"Louise Simonson, Walter Simonson",X-Factor #12,1980
Artemis Crock,1987,DC,"Roy Thomas, Todd McFarlane","Infinity, Inc. #34",1980
Axis Amerika,1987,DC,Roy Thomas,Young All-Stars #1,1980
Amazing Grace,1987,DC,John Byrne,Superman (Vol. 2) #3,1980
Bloodsport,1987,DC,,Superman #4,1980
Commissioner Gillian B. Loeb,1987,DC,,Batman: Year One,1980
"Deuce, Charger",1987,DC,"Marv Wolfman, Jerry Ordway",Adventures of Superman #430,1980
Maxwell Lord,1987,DC,"Keith Giffen, J. M. DeMatteis",Justice League (vol. 1) #1,1980
Mister Sinister,1987,Marvel,"Chris Claremont, Mark Silvestri",Uncanny X-Men #221,1980
Prometheus,1987,DC,"Curt Calhoun: Marv Wolfman; Morrison's Prometheus: Grant Morrison, Arnie Jorgensen",Curt Calhoun: Blue Beetle #12; Morrison's Prometheus: New Year's Evil: Prometheus #1,1980
Reaper,1987,DC,,Batman: Year Two,1980
Silver Banshee,1987,DC,John Byrne,Action Comics #595,1980
Ventriloquist,1988,DC,"Alan Grant, John Wagner, Norm Breyfogle",Detective Comics #583,1980
Major Force,1988,DC,"Cary Bates, Greg Weisman, Pat Broderick","Captain Atom v3, #12",1980
KGBeast,1988,DC,"Jim Starlin, Jim Aparo",Batman #417,1980
Ratcatcher,1988,DC,"Alan Grant, John Wagner, Norm Breyfogle",Detective Comics #585,1980
Cold War,1988,Marvel,,Marvel Comics Presents #2,1980
Deacon Blackfire,1988,DC,,The Cult,1980
Venom,1988,Marvel,"David Michelinie, Todd McFarlane",The Amazing Spider-Man #299,1980
Misfit,1989,Marvel,"Mark Gruenwald, Al Milgrom",West Coast Avengers #40,1980
Blockbuster,1989,DC,"Roger Stern, Tom Lyle",Starman #9,1980
Portal,1989,Marvel,,Avengers #304,1980
Maxima,1989,DC,"Roger Stern, George Pérez",Action Comics #645,1980
Powderkeg,1989,Marvel,"Dwayne McDuffie, Mark D. Bright",Captain Marvel Special #1,1980
Deadline,1989,DC,,Starman #15,1980
Crossbones,1989,Marvel,"Mark Gruenwald, Kieron Dwyer",Captain America #360,1980
Mud Pack,1989,DC,,Detective Comics #604,1980
Artemiz,1989,DC,John Ostrander,Suicide Squad #35,1980
Anarky,1989,DC,"Alan Grant, Norm Breyfogle",Detective Comics #608,1980
Assembly of Evil,1989,Marvel,,Acts of Vengeance,1980
Crimesmith,1990,DC,Marv Wolfman,Batman #443,1990
NKVDemon,1990,DC,"Marv Wolfman, Jim Aparo",Batman #445,1990
Blackout #2,1990,Marvel,Howard Mackie,Ghost Rider #2,1990
Cyborg Superman (Hank Henshaw),1990,DC,Dan Jurgens,Adventures of Superman #466,1990
Yuga Khan,1990,DC,,"New Gods Vol.2, #17",1990
"Blaze, Satanus",1990,DC,"Blaze: Roger Stern, Bob McLeod; Satanus: Jerry Ordway, Tom Grummett",Blaze: Action Comics #655; Satanus: Adventures of Superman #493,1990
Deadpool,1991,Marvel,"Rob Liefeld, Fabian Nicieza",The New Mutants #98,1990
Lynx,1991,DC,"Chuck Dixon, Tom Lyle",Robin Vol.1,1990
Bloody Mary,1991,DC,,Hawk and Dove Vol.2 #21,1990
Malice Vundabar,1991,DC,,Hawk and Dove Vol.2 #21,1990
Chessure,1991,DC,,Hawk and Dove Vol.2 #21,1990
Speed Queen,1991,DC,"Karl Kesel, Barbara Kesel",Hawk and Dove Vol.2 #21,1990
King Snake,1991,DC,"Chuck Dixon, Tom Lyle",Robin #2,1990
Abattoir,1991,DC,,Detective Comics #625,1990
Superia,1991,Marvel,"Mark Gruenwald, Rik Levins",Captain America #390,1990
Evil Ernie,1991,Eternity,"Brain Pulido, Steven Hughes",Evil Ernie #1,1990
Lady Death,1991,Eternity,Brian Pulido,Evil Ernie #1,1990
Fabian Cortez,1991,Marvel,"Chris Claremont, Jim Lee",X-Men Vol.2 #1,1990
Acolytes,1991,Marvel,"Chris Claremont, Jim Lee",X-Men Vol.2 #1,1990
Carnage,1992,Marvel,"David Michelinie, Mark Bagley",The Amazing Spider-Man #360,1990
Amygdala,1992,DC,"Alan Grant, Norm Breyfogle",Batman: Shadow of the Bat #3,1990
Lloigoroth,1992,Marvel,,Avengers #352,1990
Doomsday,1992,DC,Dan Jurgens,Superman: The Man of Steel #17,1990
Doppelganger,1992,Marvel,"Jim Starlin, Ron Lim, Al Milgrom",Infinity War #1,1990
Hawkman (Fel Andar),1992,DC,"John Ostrander, Graham Nolan",Hawkworld (vol. 2) #22,1990
Rose Wilson,1992,DC,"Marv Wolfman, Art Nichols",Deathstroke #15,1990
Omega Red,1992,Marvel,"Jim Lee, John Byrne",X-Men (Vol. 2) #4,1990
Goddess,1992,Marvel,"Jim Starlin, Ron Lim",Infinity War #6,1990
General,1992,DC,Chuck Dixon,Detective Comics #654,1990
Overlord,1992,Image,Erik Larsen,The Savage Dragon (vol. 1) #1,1990
Malebolgia,1992,Image,Todd McFarlane,Spawn#1,1990
Jason Wynn,1992,Image,Todd Mcfarlane,Spawn#1,1990
Violator,1992,Image,Todd McFarlane,Spawn #2,1990
Zsasz,1992,DC,Alan Grant,Batman: Shadow of the Bat #1,1990
Alkhema,1993,Marvel,"Roy Thomas, Dann Thomas, David Ross, Tim Dzon",Avengers West Coast #90,1990
Bane,1993,DC,"Chuck Dixon, Graham Nolan, Doug Moench",Batman: Vengeance of Bane #1,1990
Harlequin,1993,DC,"Ron Marz, Jim Balent",Green Lantern Corps Quarterly #5,1990
Kleinstocks,1993,Marvel,"Scott Lobdell, Brandon Peterson",Uncanny X-Men #298,1990
Mace Blitzkrieg,1993,Dark Horse,Team CGW,Comics' Greatest World: Steel Harbor Week 1,1990
Titan,1993,Dark Horse,Team CGW,Comics' Greatest World: Golden City Week 3,1990
Cogliostro,1993,Image Comics,Todd McFarlane,Spawn #9,1990
Trigger Twins,1993,DC,,Detective Comics #667,1990
Warmaker,1993,Dark Horse,Team CGW,Comics' Greatest World: Golden City Week 1,1990
Tally Man,1993,DC,Alan Grant,Shadow of the Bat #19,1990
Americop,1994,Marvel,,Captain America #428,1990
Parallax,1994,DC,"Hal Jordan: John Broome, Gil Kane; Concept: Ron Marz, Darryl Banks; Creature: Geoff Johns, Ethan van Sciver",Hal Jordan: Showcase #22; As Parallax: Green Lantern #50,1990
Conduit,1994,DC,,Superman #0,1990
Ignition,1994,Dark Horse,Team CGW,Will To Power #4,1990
Knockout,1994,DC,"Karl Kesel, Tom Grummett",SuperboyVol.2 #1,1990
Scavenger (Superboy),1994,DC,"Karl Kesel, Tom Grummett",Superboy #2,1990
King Shark,1994,DC,Karl Kesel,Superboy #0,1990
Law,1994,Dark Horse,,Division 13 #1,1990
Massacre,1994,DC,,Superman #92,1990
Purgatori,1994,Eternity,"Brian Pulido, Steven Hughes",Lady Death #3,1990
Roxy Rocket,1994,DC,,Batman Adventures Annual #1,1990
Lady Spellbinder,1995,DC,"Chuck Dixon, Staz Johnson, Scott Hanna",Detective Comics #691,1990
Neron,1995,DC,"Mark Waid, Howard Porter",Underworld Unleashed #1,1990
Savitar,1995,DC,,Flash v.2 #108,1990
Magog,1996,DC,"Mark Waid, Alex Ross",Kingdom Come #1,1990
Cornelius Stirk,1996,DC,,Batman: Shadow of the Bat #46,1990
Onslaught,1996,Marvel,"Mark Waid, Andy Kubert",X-Men (Vol. 2) #54,1990
Lock-Up,1996,DC,,Batman: The Animated Series: Lock-Up; Detective Comics #697,1990
Grayven,1996,DC,"Ron Marz, Darryl Banks",Green Lantern Vol.3 #74,1990
Anomaly,1996,DC,,Adventures of Superman #539,1990
Holiday,1996,DC,"Jeph Loeb, Tim Sale",Batman: The Long Halloween,1990
Alberto Falcone,1996,DC,"Jeph Loeb, Tim Sale",Batman: The Long Halloween,1990
Gearhead,1997,DC,,Detective Comics #712,1990
Fatality,1997,DC,,Green Lantern #38,1990
Cobalt Blue,1997,DC,"Mark Waid, Brian Augustyn",Speed Force #1,1990
"Molloch, Lilith (as 'Lillie'), Nereus, Drive-By",1997,,Brian Bondurant,Phat Wars #1 & #2,1990
Dominus,1998,DC,,Action Comics #747,1990
Black Flash,1998,DC,"Mark Millar, Pop Mhan, Christ Ivy",Flash #138,1990
Solaris,1998,DC,Grant Morrison,DC One Million,1990
David Cain,1999,DC,"Kelley Puckett, Damion Scott",Batman #567,1990
Mammon,1999,Image,Todd McFarlane,Spawn #87,1990
Exemplars,1999,Marvel,,Peter Parker: Spider-Man #11,1990
Inertia,1999,DC,"Todd Dezago, Mike Wieringo",Impulse #50,1990
Answer,1999,Marvel,,Captain America Vol.3 #20,1990
Gog,1999,DC,Mark Waid,The Kingdom,1990
Harley Quinn,1999,DC,"Paul Dini, Bruce Timm",Batman: Harley Quinn #1 (adapted from Batman: The Animated Series),1990
Hope Pym,1999,Marvel,"Tom DeFalco, Ron Frenz",A-Next #7,1990
Pharzoof,1999,DC,Chuck Dixon,Birds of Prey #6,1990
Shiv (Cindy Burman),1999,DC,"Geoff Johns, Lee Moder",Stars and S.T.R.I.P.E #1,1990
Hangman,1999,DC,,Batman: Dark Victory,1990
Kyle Abbot,2000,DC,Greg Rucka,Detective Comics #743,2000
Able Crown,2000,DC,,Detective Comics #744,2000
Agamemno,2000,DC,,Silver Age #1,2000
Orca,2000,DC,Larry Hama,Batman #579,2000
Zeiss,2000,DC,"Ed Brubaker, Scott McDaniel",Batman #582,2000
Mortalla,2000,DC,Walt Simonson,Orion #6,2000
Queen of Fables,2000,DC,"Mark Waid, Gail Simone",JLA #47,2000
Nero,2001,DC,"Judd Winick, Darryl Banks, Mark Bright",Green Lantern Vol. 3 #132,2000
"Black, White Bandit",2001,DC,Dave Gibbons,Batman: Gotham Knights #12,2000
Blacksmith,2001,DC,"Geoff Johns, Ethan Van Sciver",Iron Heights,2000
Double Down,2001,DC,"Geoff Johns, Ethan Van Sciver",Flash: Iron Heights,2000
Girder,2001,DC,"Geoff Johns, Ethan Van Sciver",Flash: Iron Heights,2000
Murmur,2001,DC,"Geoff Johns, Ethan Van Sciver",Flash: Iron Heights,2000
Cicada,2001,DC,"Geoff Johns, Scott Kollins","The Flash v2, #171",2000
Onimar Synn,2001,DC,"David S. Goyer, Geoff Johns",JSA #23,2000
Tar Pit,2001,DC,"Geoff Johns, Scott Kollins",Flash v.2 #174,2000
Monsieur Stigmonus,2001,DC,"J. M. DeMatteis, Ryan Sook",The Spectre v4 #6,2000
Manchester Black,2001,DC,"Joe Kelly, Doug Mahnke",Action Comics #775,2000
Mongal,2001,DC,,Superman #170,2000
Morlun,2001,Marvel,"J. Michael Straczynski, John Romita, Jr.",The Amazing Spider-Man #471,2000
Cassandra Nova,2001,Marvel,"Grant Morrison, Frank Quitely",New X-Men #114,2000
Imperiex,2001,DC,,Our Worlds at War,2000
Zoom,2001,DC,"Geoff Johns, Scott Kolins","The Flash: Secret Files, Origins #3",2000
Peek-a-Boo,2002,DC,"Geoff Johns, Scott Kolins","Flash V.2, #180",2000
Scorch,2002,DC,,JLA #61,2000
Mortician,2002,DC,"Devin Grayson, Roger Robinson",Batman: Gotham Knights #28,2000
Savant,2003,DC,"Gail Simone, Ed Benes",Birds of Prey #56,2000
Hush,2003,DC,"Jeph Loeb, Jim Lee",Batman #609,2000
Al-Tariq,2003,Marvel,,New Deal,2000
Great White,2003,DC,"Dan Slott, Ryan Sook",Arkham Asylum: Living Hell #1,2000
Kira,2003,,"Tsugumi Ohba, Takeshi Obata",Death Note Vol. 1,2000
Equus,2004,DC,"Brian Azzarello, Jim Lee",Superman #206,2000
Owen Mercer,2004,DC,"Brad Meltzer, Rags Morales",Identity Crisis #3,2000
Preus,2004,DC,"Joe Kelly, Talent Caldwell",Superman 2nd series #202,2000
Ord,2004,Marvel,"Joss Whedon, John Cassaday",Astonishing X-Men 3rd series #1,2000
Rainbow Raiders,2005,DC,"Geoff Johns, Howard Porter",Flash v.2 #217,2000
Batzarro,2005,DC,Jeph Loeb,Superman/Batman #20,2000
Parademon,2005,DC,"Gail Simone, Dale Eaglesham",Villains United #1,2000
Marvel Zombies,2005,Marvel,"Mark Millar, Greg Land, Robert Kirkman, Sean Phillips",Ultimate Fantastic Four #21,2000
Amatsu-Mikaboshi,2006,Marvel,"Michael Oeming, Scott Kolins",Thor: Blood Oath #6,2000
Livewire,2006,DC,"Evan Dorkin, Sarah Dyer, Bruce Timm",First Appearance: Superman: The Animated Series: Livewire; First Comic Appearance: Action Comics #835,2000
Tally Man,2006,DC,,Detective Comics #819,2000
Arkillo,2006,DC,"Geoff Johns, Ivan Reis",Green Lantern (vol. 4) #10,2000
Talon,2006,DC,,Teen Titans #38,2000
Facade,2006,DC,Paul Dini,Detective Comics #821,2000
Atrocitus,2007,DC,Geoff Johns,Green Lantern vol. 4 #25,2000
Larfleeze,2007,DC,"Geoff Johns, Ethan Van Sciver",Green Lantern vol. 4 #25,2000
Menace,2008,Marvel,"Marc Guggenheim, Salvador Larroca",The Amazing Spider-Man #549,2000
Beth Kane,2009,DC,"Greg Rucka, J.H. Williams III",Detective Comics #854,2000
Allegra Garcia,2010,DC,"Eric Wallace, Fabrizio Florentinom, Cliff Richards",Titans #28,2010
Tommy Merlyn,2012,DC,Brian Buccellato,Green Arrow (vol.5) #0,2010
Gorr the God Butcher,2013,Marvel,Jason Aaron,Thor: God of Thunder #1,2010
Robo-Chef,2013,Disney/Hyperion,Rhode Montijo,The Gumazing Gum Girl! Book 1: Chews Your Destiny,2010
Bloodwork,2016,DC,Brian Buccellato,The Flash #28,2010
Godspeed,2016,DC,"Joshua Williamson, Carmine Di Giandomenico",The Flash: Rebirth #1,2010
The Hamster (Mr. Hansen),2017,Disney/Hyperion,Rhode Montijo,The Gumazing Gum Girl! Book 2: Gum Luck,2010
The Underhander,2019,Disney/Hyperion,Rhode Montijo,The Gumazing Gum Girl! Book 4: Cover Blown!,2010
The Cocodrilos,2019,Disney/Hyperion,Rhode Montijo,The Gumazing Gum Girl! Book 4: Cover Blown!,2010
